year,team,talent
2018,Ohio State,984.30
2018,Alabama,978.54
2018,Georgia,964.00
2018,USC,933.65
2018,Clemson,893.21
2018,LSU,889.91
2018,Florida State,888.75
2018,Michigan,862.35
2018,Texas,861.20
2018,Notre Dame,847.85
2018,Oklahoma,843.79
2018,Penn State,834.24
2018,Florida,831.78
2018,Auburn,827.37
2018,Tennessee,826.98
2018,Texas A&M,805.66
2018,Stanford,786.63
2018,Washington,772.88
2018,UCLA,754.31
2018,Miami,753.72
2018,South Carolina,749.98
2018,Ole Miss,734.00
2018,Mississippi State,729.97
2018,Maryland,725.94
2018,Nebraska,711.22
2018,Oregon,695.81
2018,Arkansas,694.63
2018,North Carolina,688.48
2018,Arizona State,687.72
2018,Virginia Tech,675.71
2018,TCU,671.88
2018,Kentucky,670.27
2018,Baylor,668.37
2018,Michigan State,658.85
2018,Wisconsin,653.50
2018,West Virginia,646.91
2018,Oklahoma State,645.01
2018,Pittsburgh,637.96
2018,Duke,635.63
2018,Louisville,632.22
2018,NC State,629.39
2018,Iowa,615.08
2018,Vanderbilt,611.99
2018,Northwestern,608.89
2018,California,596.08
2018,Missouri,595.14
2018,Utah,594.60
2018,Minnesota,588.97
2018,Georgia Tech,583.49
2018,Arizona,580.54
2018,Houston,577.17
2018,Iowa State,575.76
2018,Colorado,575.65
2018,Syracuse,570.20
2018,UCF,568.35
2018,BYU,565.85
2018,Indiana,564.04
2018,Illinois,562.67
2018,Texas Tech,561.59
2018,Rutgers,555.24
2018,Washington State,554.77
2018,South Florida,548.62
2018,Kansas State,547.43
2018,Cincinnati,543.78
2018,Boise State,543.43
2018,Virginia,542.40
2018,Florida Atlantic,537.93
2018,Oregon State,535.36
2018,Boston College,533.43
2018,Wake Forest,525.48
2018,Purdue,520.48
2018,Kansas,517.10
2018,SMU,485.46
2018,Memphis,480.07
2018,Colorado State,479.97
2018,Temple,478.30
2018,Louisiana Tech,477.50
2018,Florida International,476.52
2018,San Diego State,472.60
2018,Toledo,463.96
2018,Fresno State,459.07
2018,Marshall,451.61
2018,Tulane,445.36
2018,Western Michigan,442.29
2018,East Carolina,434.48
2018,Arkansas State,433.73
2018,Nevada,432.40
2018,Northern Illinois,432.31
2018,San José State,430.62
2018,Miami (OH),421.22
2018,Middle Tennessee,414.19
2018,Central Michigan,413.60
2018,New Mexico,411.95
2018,UT San Antonio,405.20
2018,Georgia State,404.34
2018,UNLV,400.76
2018,South Alabama,394.24
2018,Connecticut,389.20
2018,UMass,388.91
2018,UAB,387.71
2018,Southern Mississippi,387.32
2018,Utah State,377.39
2018,Louisiana,376.68
2018,Bowling Green,375.14
2018,Rice,375.12
2018,Buffalo,369.14
2018,North Texas,368.58
2018,Tulsa,368.14
2018,Ball State,362.10
2018,Akron,361.00
2018,Appalachian State,356.16
2018,Western Kentucky,353.43
2018,Troy,352.36
2018,Kent State,351.73
2018,Navy,349.26
2018,Wyoming,348.34
2018,Ohio,346.18
2018,UTEP,345.76
2018,Eastern Michigan,344.06
2018,Hawai'i,343.97
2018,Old Dominion,333.18
2018,Louisiana Monroe,326.66
2018,Charlotte,311.00
2018,Georgia Southern,303.12
2018,Texas State,302.55
2018,Coastal Carolina,284.24
2018,New Mexico State,249.32
2018,Army,230.75
2018,Air Force,186.27
2018,Jacksonville State,174.86
2018,Hampton,149.11
2018,James Madison,147.11
2018,Southeastern Louisiana,135.64
2018,Sam Houston State,133.13
2018,Sam Houston State,133.13
2018,Austin Peay,123.40
2018,Alabama State,118.68
2018,Duquesne,113.21
2018,Chattanooga,112.15
2018,Illinois State,109.44
2018,Southern Illinois,108.59
2018,Eastern Kentucky,107.58
2018,Stony Brook,106.51
2018,Montana State,98.98
2018,UT Martin,98.34
2018,Liberty,93.99
2018,Idaho,87.35
2018,Kennesaw State,86.45
2018,Portland State,85.83
2018,Northern Arizona,85.03
2018,Samford,84.29
2018,North Dakota State,83.68
2018,Towson,83.58
2018,Texas Southern,83.08
2018,Tennessee State,82.27
2018,Richmond,82.20
2018,Delaware,79.23
2018,Youngstown State,70.45
2018,Grambling,69.99
2018,Southeast Missouri State,69.85
2018,Western Illinois,66.84
2018,Nicholls,66.08
2018,Rhode Island,62.64
2018,Bethune-Cookman,61.90
2018,Furman,59.57
2018,Campbell,58.46
2018,Norfolk State,56.44
2018,Missouri State,53.43
2018,Weber State,51.74
2018,Charleston Southern,51.01
2018,Montana,49.16
2018,Prairie View,47.10
2018,Stephen F. Austin,46.25
2018,McNeese,43.55
2018,Abilene Christian,43.10
2018,North Carolina A&T,39.98
2018,Florida A&M,39.57
2018,Murray State,37.82
2018,Cal Poly,37.28
2018,Western Carolina,35.54
2018,Morgan State,35.38
2018,East Tennessee State,35.09
2018,Northern Iowa,34.70
2018,Wagner,32.77
2018,Butler,31.53
2018,Albany,31.53
2018,North Carolina Central,31.00
2018,North Alabama,30.02
2018,The Citadel,29.01
2018,South Dakota State,28.73
2018,William & Mary,28.69
2018,Monmouth,28.13
2018,Tennessee Tech,27.77
2018,Princeton,27.29
2018,South Carolina State,27.01
2018,Houston Baptist,26.80
2018,Bryant,24.33
2018,North Dakota,23.99
2018,Indiana State,23.88
2018,Central Arkansas,23.59
2018,Incarnate Word,23.03
2018,South Dakota,22.43
2018,Southern,22.25
2018,Delaware State,21.32
2018,Northwestern State,20.95
2018,Idaho State,20.50
2018,Sacramento State,20.45
2018,Alcorn State,20.41
2018,Eastern Washington,19.95
2018,Sacred Heart,19.62
2018,Maine,18.93
2018,Howard,17.60
2018,Jacksonville,17.49
2018,Fordham,15.33
2018,Jackson State,14.46
2018,Gardner-Webb,14.11
2018,Mercer,13.96
2018,Lamar,13.91
2018,Cornell,13.71
2018,Northern Colorado,13.41
2018,Harvard,13.33
2018,Stetson,13.33
2018,St Francis (PA),13.00
2018,VMI,11.90
2018,Southern Utah,11.84
2018,Drake,11.10
2018,Georgetown,11.10
2018,Robert Morris,9.24
2018,Arkansas-Pine Bluff,8.98
2018,Dayton,8.88
2018,Holy Cross,7.31
2018,Central Connecticut,7.09
2018,Eastern Illinois,6.75
2018,Lehigh,6.66
2018,Elon,6.66
2018,Marist,4.44
2018,Yale,3.30